url,name
https://www.soolegal.com/vishwanathpratap,vishwanath pratap singh
https://www.soolegal.com/paramveer,Paramveer Yadav
https://www.soolegal.com/chaitanya1,Chaitanya Sahoo
https://www.soolegal.com/savita1,Savita Dagar
https://www.soolegal.com/deepankar1,Deepankar Mukherjee
https://www.soolegal.com/sv,S V Kulkarni
https://www.soolegal.com/rakhi12,rakhi budhiraja nee khaneja
https://www.soolegal.com/siddhantsrivasta%20a3,Siddhant Srivasta a
https://www.soolegal.com/amit12345678,amit gorhe
https://www.soolegal.com/maadhyamjurixlawfirm,Maadhyamjurix law firm
https://www.soolegal.com/pankajgupta3,pankaj gupta
https://www.soolegal.com/prem%20mohanbhatt8,Prem Mohan Bhatt
https://www.soolegal.com/pramakrishna,P Ramakrishna Patro
https://www.soolegal.com/delhilawfirm,Delhi Law Firm
https://www.soolegal.com/shiwani,Shiwani Kumari
https://www.soolegal.com/abhimanyujhamba2,abhimanyu jhamba
https://www.soolegal.com/rupal,Rupal Panganti
https://www.soolegal.com/shalinisingh,Shalini Singh
https://www.soolegal.com/shilpityagi7,shilpi tyagi
https://www.soolegal.com/manmohan1,Manmohan Saxena
https://www.soolegal.com/prerna123,Prerna Saxena
https://www.soolegal.com/pooja1,POOJA VERMA
https://www.soolegal.com/archana,Archana Shorey
https://www.soolegal.com/hanumantgudi1,Hanumant Gudi
https://www.soolegal.com/dineshthapan7,Dinesh Thapan
https://www.soolegal.com/rohitprakash1,Rohit prakash
https://www.soolegal.com/advrakeshkumar,Adv Rakesh Kumar Kaushik
https://www.soolegal.com/ashish123456789,Ashish Bhumkar
https://www.soolegal.com/chetankumar2,chetan kumar
https://www.soolegal.com/dharmikshukla6,Dharmik Shukla
https://www.soolegal.com/harshit123,Harshit Goyal
https://www.soolegal.com/sanjay12345,Sanjay Relan
https://www.soolegal.com/rohitmalik9,Rohit malik
https://www.soolegal.com/anoopkumar%20gahlout2,Anoop kumar gahlout
https://www.soolegal.com/ks,KS WAHI
https://www.soolegal.com/neerajsharma9,Neeraj Sharma
https://www.soolegal.com/arundixit2,Arun Dixit
https://www.soolegal.com/pankaj%20kumarsohani4,Pankaj Kumar Sohani
https://www.soolegal.com/anilgupta3,Anil Gupta
https://www.soolegal.com/adilkhan1,adil khan
https://www.soolegal.com/lokesh123,Lokesh Vashisht
https://www.soolegal.com/devansh,DEVANSH BHARDWAJ
https://www.soolegal.com/anuradha1234,Anuradha Mittra
https://www.soolegal.com/naushad,Naushad Ali
https://www.soolegal.com/salauddin,Salauddin Khan
https://www.soolegal.com/dinesh123456,Dinesh Kumar
https://www.soolegal.com/ankit123,Ankit Sharma
https://www.soolegal.com/pankajdhar36,Pankaj Dhar
https://www.soolegal.com/minu90,Minu
https://www.soolegal.com/krishanchanderchhakar83,Krishan Chander Chhakar
https://www.soolegal.com/arvindsingh84,Arvind Singh
https://www.soolegal.com/ramphalsinghchhoker17,Ramphal Singh Chhoker
https://www.soolegal.com/ashishkumar6,Ashish Kumar
https://www.soolegal.com/nandkishore20,Nand Kishore
https://www.soolegal.com/inderjeetsinghsaini38,Inderjeet Singh Saini
https://www.soolegal.com/ramavtarsirohiwal39,Ram Avtar Sirohiwal
https://www.soolegal.com/nareshkumar141,Naresh Kumar
https://www.soolegal.com/bhartimehra87,Bharti Mehra
https://www.soolegal.com/naveendhandhi98,Naveen Dhandhi
https://www.soolegal.com/manjeetsingh73,Manjeet Singh
https://www.soolegal.com/anilkumar2412,Anil Kumar
https://www.soolegal.com/lalsinghyadav58,Lal Singh Yadav
https://www.soolegal.com/narenderkumar37,Narender Kumar
https://www.soolegal.com/ravinderkhola18,Ravinder Khola
https://www.soolegal.com/rekharathi18,Rekha Rathi
https://www.soolegal.com/harishkumar45,Harish Kumar
https://www.soolegal.com/vineet52,Vineet
https://www.soolegal.com/riteshkumarsharma72,Ritesh Kumar Sharma
https://www.soolegal.com/aditikhera40,Aditi Khera
https://www.soolegal.com/lalitsharma11,Lalit Sharma
https://www.soolegal.com/ravikaushik7,Ravi Kaushik
https://www.soolegal.com/parveenkumar14,Parveen Kumar
https://www.soolegal.com/deepakyadav6,Deepak Yadav
https://www.soolegal.com/opcloria11,O.P. Cloria
https://www.soolegal.com/maheshagarwal69,Mahesh Agarwal
https://www.soolegal.com/yogeshkumar94,Yogesh Kumar
https://www.soolegal.com/rahulmaheshwari14,Rahul Maheshwari
https://www.soolegal.com/lavishkhurana86,Lavish Khurana
https://www.soolegal.com/jayveersingh52,Jayveer Singh
https://www.soolegal.com/arvindgulia73,Arvind Gulia
https://www.soolegal.com/rohanmoudgil78,Rohan Moudgil
https://www.soolegal.com/nikhilkalra64,Nikhil Kalra
https://www.soolegal.com/yashwantyadav79,Yashwant Yadav
https://www.soolegal.com/manojsingh66,Manoj Singh
https://www.soolegal.com/deepak7,Deepak
https://www.soolegal.com/nareshgupta511,Naresh Gupta
https://www.soolegal.com/neerajdiwakar41,Neeraj Diwakar
https://www.soolegal.com/surender40,Surender
https://www.soolegal.com/rahulsharma63,Rahul sharma
https://www.soolegal.com/mohdazam41,Mohd. Azam
https://www.soolegal.com/paramjeetsingh37,Paramjeet singh
https://www.soolegal.com/geetanjali7,Geetanjali
https://www.soolegal.com/virendersingh40,Virender singh
https://www.soolegal.com/pardeepmohan92,Pardeep Mohan
https://www.soolegal.com/nidhinegi65,Nidhi Negi
https://www.soolegal.com/ashok46,Ashok
https://www.soolegal.com/msbhattacharyatusharikarajeev5,Ms. Bhattacharya Tusharika Rajeev
https://www.soolegal.com/rishirajkaushik41,RISHI RAJ KAUSHIK
https://www.soolegal.com/rajenderkumarsharma65,Rajender Kumar Sharma
https://www.soolegal.com/shikshabishnoi26,Shiksha Bishnoi
https://www.soolegal.com/neerajsheoran6,Neeraj Sheoran
https://www.soolegal.com/poornimarao95,Poornima Rao
https://www.soolegal.com/akshita44,Akshita
https://www.soolegal.com/amanyadav11,Aman Yadav
https://www.soolegal.com/bhupendersingh96,Bhupender Singh
https://www.soolegal.com/abhijeetgupta83,Abhijeet Gupta
https://www.soolegal.com/manjuphogat42,Manju Phogat
https://www.soolegal.com/shivkumar40,Shiv Kumar
https://www.soolegal.com/parmindersingh8,Parminder Singh
https://www.soolegal.com/subhashkumar88,Subhash Kumar
https://www.soolegal.com/abhasinha94,Abha Sinha
https://www.soolegal.com/satypalyadav13,Satypal Yadav
https://www.soolegal.com/vidushsikri58,Vidush Sikri
https://www.soolegal.com/nikhilkumar28,Nikhil Kumar
https://www.soolegal.com/sanjeevrawat25,Sanjeev Rawat
https://www.soolegal.com/sonutewatia66,Sonu Tewatia
https://www.soolegal.com/krishankumar871,Krishan Kumar
https://www.soolegal.com/sanjaykumar112,Sanjay Kumar
https://www.soolegal.com/vijenderkumar4,Vijender Kumar
https://www.soolegal.com/parmodsingh56,Parmod Singh
https://www.soolegal.com/ranjeetsinghbhayana1,Ranjeet Singh Bhayana
https://www.soolegal.com/kapilwadhwa44,Kapil Wadhwa
https://www.soolegal.com/gulabsingh41,Gulab Singh
https://www.soolegal.com/sunainavashisht93,Sunaina Vashisht
https://www.soolegal.com/harisingh87,Hari Singh
https://www.soolegal.com/yogeshdalal25,Yogesh Dalal
https://www.soolegal.com/ananddahiya80,Anand Dahiya
https://www.soolegal.com/ramkumarkataria79,Ram Kumar Kataria
https://www.soolegal.com/ajaysingh36,Ajay Singh
https://www.soolegal.com/ajaykumar69,Ajay Kumar
https://www.soolegal.com/manojyadav81,Manoj Yadav
https://www.soolegal.com/sahdevsingh94,Sahdev Singh
https://www.soolegal.com/aneesahmed99,Anees Ahmed
https://www.soolegal.com/lalitanjana61,Lalit Anjana
https://www.soolegal.com/vikassaini69,Vikas Saini
https://www.soolegal.com/varunsilwal57,Varun Silwal
https://www.soolegal.com/yoginderbhardwaj76,Yoginder Bhardwaj
https://www.soolegal.com/sandeepyadav541,Sandeep Yadav
https://www.soolegal.com/ravjyotghuman45,Ravjyot Ghuman
https://www.soolegal.com/yogeshrao94,Yogesh Rao
https://www.soolegal.com/manjeetchaudhary31,Manjeet Chaudhary
https://www.soolegal.com/pawansharma66,Pawan Sharma
https://www.soolegal.com/rahulsangwan87,Rahul Sangwan
https://www.soolegal.com/ishitajain92,Ishita Jain
https://www.soolegal.com/roopsingh41,Roop Singh
https://www.soolegal.com/mukeshraghav25,Mukesh Raghav
https://www.soolegal.com/deepikachauhan62,Deepika Chauhan
https://www.soolegal.com/sachinhans32,Sachin Hans
https://www.soolegal.com/jogindra99,Jogindra
https://www.soolegal.com/ankitjain60,Ankit Jain
